Title,Image,Amount,Amount_Discount
اسپورت طرح پرچم(نوک مدادی),https://file.zarin.express/uploads/products/img_product_0_product_4998_1452306_1ee053b8-141c-67d6-bd0c-0242ac170002.jpg,20000,17000
طرح پرچم اسپورت(آمریکا),https://file.zarin.express/uploads/products/img_product_0_product_4997_1452306_1ee053b1-def2-637c-84b1-0242ac170002.jpg,27000,24300
سوها راه راه طوسی و قهوه ای,https://file.zarin.express/uploads/products/img_product_0_product_4996_1452306_1ee053ac-7f85-689e-ad35-0242ac170002.jpg,20000,18000
طرح پرچم اسپورت,https://file.zarin.express/uploads/products/img_product_0_product_4995_1452306_1ee053a6-9421-6916-9ef4-0242ac170002.jpg,25000,20000
سوها راه راه سفید و طوسی(اسپورت),https://file.zarin.express/uploads/products/img_product_0_product_4994_1452306_1ee0539f-c14d-6982-bbfc-0242ac170002.jpg,20000,18000
اسپورت طرح پرچم طوسی,https://file.zarin.express/uploads/products/img_product_0_product_4993_1452306_1ee0539a-14df-688a-ab8c-0242ac170002.jpg,23000,19550
مچی مشکی طرح راه راه و خال خالی,https://file.zarin.express/uploads/products/img_product_0_product_4992_1452306_1ee05394-40e4-6ab2-b17c-0242ac170002.jpg,30000,22500
مچی طرح پرچم(آلمان),https://file.zarin.express/uploads/products/img_product_0_product_4991_1452306_1ee0538c-f185-6f7c-9eee-0242ac170002.jpg,20000,19200
اسپورت سفید طرح گپ,https://file.zarin.express/uploads/products/img_product_0_product_4990_1452306_1ee05387-bf56-6f60-9f29-0242ac170002.jpg,15000,15000
دخترانه چهارخانه,https://file.zarin.express/uploads/products/img_product_0_product_4989_1452306_1ee05381-2c02-6936-8e58-0242ac170002.jpg,22000,22000
تا به تا طرح رخ رنگ زرد,https://file.zarin.express/uploads/products/img_product_0_product_4988_1452306_1ee05376-d83f-610a-b248-0242ac170002.jpg,25000,20000
طرح پرچم مشکی.خط سفید و سبز,https://file.zarin.express/uploads/products/img_product_0_product_4987_1452306_1ee05371-7f61-6c36-834a-0242ac170002.jpg,26000,23400
تا به تا طرح رخ رنگ کرم,https://file.zarin.express/uploads/products/img_product_0_product_4986_1452306_1ee0536b-3645-6a30-8460-0242ac170002.jpg,25000,20000
تابه تا طرح رخ,https://file.zarin.express/uploads/products/img_product_0_product_4985_1452306_1ee05361-3dff-6a46-89dc-0242ac170002.jpg,25000,20000
الوان ۳ سین,https://file.zarin.express/uploads/products/img_product_0_product_4984_1452306_1ee0535b-4272-65de-b728-0242ac170002.jpg,30000,30000
مشکی خط دار مچی,https://file.zarin.express/uploads/products/img_product_0_product_4983_1452306_1ee0534e-cd8c-6532-b0e2-0242ac170002.jpg,25000,18750
تا به تا طرح پاندا,https://file.zarin.express/uploads/products/img_product_0_product_4982_1452306_1ee05349-1796-6872-a491-0242ac170002.jpg,25000,18750
دخترانه طرح رنگین کمان,https://file.zarin.express/uploads/products/img_product_0_product_4980_1452306_1ee0520f-dd88-66c4-b5ad-0242ac170002.jpg,25000,22000
بنر تبلیغاتی عموجورابی,https://file.zarin.express/uploads/products/img_product_0_product_4776_1452306_1edf1bf4-ad7f-6876-a361-0242ac170002.jpg,5,5
جوراب مشکی تک رنگ نیم ساق,https://file.zarin.express/uploads/products/img_product_0_product_4775_1452306_1edf1b0d-6dd9-67c2-bdc9-0242ac170002.jpg,27000,25110
کالج اسپورت(پشت ژله ای),https://file.zarin.express/uploads/products/img_product_0_product_4774_1452306_1edf1b06-a520-62e6-9af9-0242ac170002.jpg,23000,23000
رنگین کمان دخترانه فانتزی طرح خرسی,https://file.zarin.express/uploads/products/img_product_0_product_4773_1452306_1edf1a74-c87b-63cc-916e-0242ac170002.jpg,27000,27000
اسپورت مچی.آقا و خانم,https://file.zarin.express/uploads/products/img_product_0_product_4772_1452306_1edf1a6a-3c4f-643e-96f1-0242ac170002.jpg,32000,32000
رنگین کمان راه راه طرح تدی,https://file.zarin.express/uploads/products/img_product_0_product_4771_1452306_1edf1a5a-0f41-6fce-9512-0242ac170002.jpg,27000,27000
دخترانه مچی طرح میلک,https://file.zarin.express/uploads/products/img_product_0_product_4740_1452306_1edede9c-f14f-619a-b52f-0242ac170002.jpg,22000,22000
اسپورت طرح پرچم,https://file.zarin.express/uploads/products/img_product_0_product_4739_1452306_1ededd3f-a8d0-6846-8039-0242ac170002.jpg,22000,22000
مچی فانتزی طرح قلب,https://file.zarin.express/uploads/products/img_product_0_product_4734_1452306_1eded202-e4cc-6ea0-9426-0242ac170002.jpg,22000,22000
پارازین زنانه دوربع کفه دار,https://file.zarin.express/uploads/products/img_product_0_product_4463_1452306_1eddc8fd-d909-6dfc-b76c-0242ac160003.jpg,15000,15000
پارازین دوربع کفه دار,https://file.zarin.express/uploads/products/img_product_1_product_4424_1452306_1eddbb7f-f1d2-6ae0-b86a-0242ac160003.jpg,17000,17000
کالج اسپورت کودک.یک و دو سال,https://file.zarin.express/uploads/products/img_product_0_product_4410_1452306_1edda38a-2ca6-6080-9b3c-0242ac160003.jpg,19000,19000
اسپورت مچی طرح آدیداس,https://file.zarin.express/uploads/products/img_product_0_product_4409_1452306_1edda383-39d3-6ed0-85ca-0242ac160003.jpg,20000,20000
ساق دست,https://file.zarin.express/uploads/products/img_product_0_product_4408_1452306_1edda37b-fe86-6ece-8de4-0242ac160003.jpg,20000,20000
پارازین شیشه ای کفه دار,https://file.zarin.express/uploads/products/img_product_0_product_4404_1452306_1edda357-6d57-667a-829b-0242ac160003.jpg,12500,12500
زنانه مچی طرح موشی,https://file.zarin.express/uploads/products/img_product_0_product_4393_1452306_1edd8833-7281-62ca-90a4-0242ac160003.jpg,20000,20000
زنانه مچی طرح موشی,https://file.zarin.express/uploads/products/img_product_0_product_4392_1452306_1edd882f-6b4c-6fd0-8e2d-0242ac160003.jpg,20000,20000
زنانه مچی طرح موشی,https://file.zarin.express/uploads/products/img_product_0_product_4391_1452306_1edd8827-57f0-6c5a-a460-0242ac160003.jpg,20000,20000
نیم ساق اسپورت ٱیدین طرح فیلا,https://file.zarin.express/uploads/products/img_product_0_product_4125_1452306_1edbabeb-4fc7-6bba-9de1-0242ac160003.jpg,20000,20000
مچی اسپورت آیدین طرح دیزل,https://file.zarin.express/uploads/products/img_product_0_product_4124_1452306_1edbabe2-6fac-66dc-b376-0242ac160003.jpg,22000,22000
مچی سفید برند سوها,https://file.zarin.express/uploads/products/img_product_0_product_4122_1452306_1edbabd6-032f-6286-809b-0242ac160003.jpg,22000,20460
پاپوش زنانه طرح سنتی,https://file.zarin.express/uploads/products/img_product_0_product_4069_1452306_1edb7858-6db2-6d58-8cf3-0242ac160003.jpg,25000,25000
مردانه سفید طرح اسکاچ,https://file.zarin.express/uploads/products/img_product_0_product_4067_1452306_1edb784b-2832-6ae2-b571-0242ac160003.jpg,300000,300000
مچی فانتزی دخترانه,https://file.zarin.express/uploads/products/img_product_0_product_3968_1452306_1edaee4d-6da1-6642-a35f-0242ac160003.jpg,22000,22000
مچی مشکی طرح ستاره,https://file.zarin.express/uploads/products/img_product_0_product_3822_1452306_1eda255a-a130-6bfa-8635-0242ac130003.jpg,17000,17000
فانتزی مچی طرح خرس,https://file.zarin.express/uploads/products/img_product_0_product_3821_1452306_1eda2553-94b9-6dd8-9e9b-0242ac130003.jpg,22000,19800
دخترانه فانتزی,https://file.zarin.express/uploads/products/img_product_0_product_3721_1452306_1ed9f4c2-301b-6da2-b5a6-0242ac130003.jpg,20000,20000
مچی اسپورت طرح BTS,https://file.zarin.express/uploads/products/img_product_0_product_3720_1452306_1ed9f4bb-0f43-6668-be17-0242ac130003.jpg,20000,20000
اسپورت مچی مشکی,https://file.zarin.express/uploads/products/img_product_0_product_3719_1452306_1ed9f4b5-461b-618c-b97f-0242ac130003.jpg,20000,20000
کالج طرح پرچم. اسپورت,https://file.zarin.express/uploads/products/img_product_0_product_3641_1452306_1ed999e5-45e5-6972-bcb0-0242ac130003.jpg,135000,135000
دخترانه چارخانه طرح خرسی,https://file.zarin.express/uploads/products/img_product_0_product_3629_1452306_1ed967f4-ab66-679c-955e-0242ac130003.jpg,20000,20000
فانتزی مچی طرح ستاره,https://file.zarin.express/uploads/products/img_product_0_product_3628_1452306_1ed967ef-4599-663a-bd38-0242ac130003.jpg,15000,15000
مچی چهار خونه طرح خرسی,https://file.zarin.express/uploads/products/img_product_0_product_3627_1452306_1ed964bc-dec7-68f6-ba12-0242ac130003.jpg,20000,18800
مچی طرح ریبوک,https://file.zarin.express/uploads/products/img_product_0_product_3613_1452306_1ed93ef6-de5c-6b46-891e-0242ac130003.jpg,20000,20000
مچی طرح آدیداس راه راه,https://file.zarin.express/uploads/products/img_product_0_product_3612_1452306_1ed93ede-124c-6ef6-a04f-0242ac130003.jpg,18000,18000
دخترانه فانتزی طرح لاو,https://file.zarin.express/uploads/products/img_product_0_product_3610_1452306_1ed93ec5-dfc5-68b0-889e-0242ac130003.jpg,18000,18000
راه راه الوان,https://file.zarin.express/uploads/products/img_product_0_product_3514_1452306_1ed8bf44-e8f7-6376-8915-0242ac120003.jpg,27000,24840
کالج اسپورت,https://file.zarin.express/uploads/products/img_product_0_product_3493_1452306_1ed882a7-49dc-6f90-9328-0242ac120003.jpg,20000,17000
پاپوش الوان,https://file.zarin.express/uploads/products/img_product_0_product_3469_1452306_1ed85acd-f977-62cc-97d6-0242ac120003.jpg,20000,20000
مچی اسپورت طرح ایکس,https://file.zarin.express/uploads/products/img_product_0_product_3456_1452306_1edede92-f764-6044-8dbd-0242ac170002.jpg,22000,22000
قایقی بلند,https://file.zarin.express/uploads/products/img_product_0_product_3444_1452306_1ed8529c-0ce8-6cc8-8f9f-0242ac120003.jpg,12000,12000
مچی طرح دار,https://file.zarin.express/uploads/products/img_product_0_product_3405_1452306_1ed80bed-2a9a-6492-8659-0242ac120003.jpg,27000,24300
