Emoji,Country,Unicode code point
ğŸ‡¦ğŸ‡«,Afghanistan,U+1F1E6  U+1F1EB
ğŸ‡¦ğŸ‡½,Ã…land Islands,U+1F1E6  U+1F1FD
ğŸ‡¦ğŸ‡±,Albania,U+1F1E6  U+1F1F1
ğŸ‡©ğŸ‡¿,Algeria,U+1F1E9  U+1F1FF
ğŸ‡¦ğŸ‡¸,American Samoa,U+1F1E6  U+1F1F8
ğŸ‡¦ğŸ‡©,Andorra,U+1F1E6  U+1F1E9
ğŸ‡¦ğŸ‡´,Angola,U+1F1E6  U+1F1F4
ğŸ‡¦ğŸ‡®,Anguilla,U+1F1E6  U+1F1EE
ğŸ‡¦ğŸ‡¶,Antarctica,U+1F1E6  U+1F1F6
ğŸ‡¦ğŸ‡¬,Antigua and Barbuda,U+1F1E6  U+1F1EC
ğŸ‡¦ğŸ‡·,Argentina,U+1F1E6  U+1F1F7
ğŸ‡¦ğŸ‡²,Armenia,U+1F1E6  U+1F1F2
ğŸ‡¦ğŸ‡¼,Aruba,U+1F1E6  U+1F1FC
ğŸ‡¦ğŸ‡º,Australia,U+1F1E6  U+1F1FA
ğŸ‡¦ğŸ‡¹,Austria,U+1F1E6  U+1F1F9
ğŸ‡¦ğŸ‡¿,Azerbaijan,U+1F1E6  U+1F1FF
ğŸ‡§ğŸ‡¸,Bahamas,U+1F1E7  U+1F1F8
ğŸ‡§ğŸ‡­,Bahrain,U+1F1E7  U+1F1ED
ğŸ‡§ğŸ‡©,Bangladesh,U+1F1E7  U+1F1E9
ğŸ‡§ğŸ‡§,Barbados,U+1F1E7  U+1F1E7
ğŸ‡§ğŸ‡¾,Belarus,U+1F1E7  U+1F1FE
ğŸ‡§ğŸ‡ª,Belgium,U+1F1E7  U+1F1EA
ğŸ‡§ğŸ‡¿,Belize,U+1F1E7  U+1F1FF
ğŸ‡§ğŸ‡¯,Benin,U+1F1E7  U+1F1EF
ğŸ‡§ğŸ‡²,Bermuda,U+1F1E7  U+1F1F2
ğŸ‡§ğŸ‡¹,Bhutan,U+1F1E7  U+1F1F9
ğŸ‡§ğŸ‡´,Bolivia,U+1F1E7  U+1F1F4
ğŸ‡§ğŸ‡¦,Bosnia and Herzegovina,U+1F1E7  U+1F1E6
ğŸ‡§ğŸ‡¼,Botswana,U+1F1E7  U+1F1FC
ğŸ‡§ğŸ‡»,Bouvet Island,U+1F1E7  U+1F1FB
ğŸ‡§ğŸ‡·,Brazil,U+1F1E7  U+1F1F7
ğŸ‡®ğŸ‡´,British Indian Ocean Territory,U+1F1EE  U+1F1F4
ğŸ‡§ğŸ‡³,Brunei,U+1F1E7  U+1F1F3
ğŸ‡§ğŸ‡¬,Bulgaria,U+1F1E7  U+1F1EC
ğŸ‡§ğŸ‡«,Burkina Faso,U+1F1E7  U+1F1EB
ğŸ‡§ğŸ‡®,Burundi,U+1F1E7  U+1F1EE
ğŸ‡°ğŸ‡­,Cambodia,U+1F1F0  U+1F1ED
ğŸ‡¨ğŸ‡²,Cameroon,U+1F1E8  U+1F1F2
ğŸ‡¨ğŸ‡¦,Canada,U+1F1E8  U+1F1E6
ğŸ‡¨ğŸ‡»,Cape Verde,U+1F1E8  U+1F1FB
ğŸ‡§ğŸ‡¶,Caribbean Netherlands,U+1F1E7  U+1F1F6
ğŸ‡°ğŸ‡¾,Cayman Islands,U+1F1F0  U+1F1FE
ğŸ‡¨ğŸ‡«,Central African Republic,U+1F1E8  U+1F1EB
ğŸ‡¹ğŸ‡©,Chad,U+1F1F9  U+1F1E9
ğŸ‡¨ğŸ‡±,Chile,U+1F1E8  U+1F1F1
ğŸ‡¨ğŸ‡³,China,U+1F1E8  U+1F1F3
ğŸ‡¨ğŸ‡½,Christmas Island,U+1F1E8  U+1F1FD
ğŸ‡¨ğŸ‡¨,Cocos (Keeling) Islands,U+1F1E8  U+1F1E8
ğŸ‡¨ğŸ‡´,Colombia,U+1F1E8  U+1F1F4
ğŸ‡°ğŸ‡²,Comoros,U+1F1F0  U+1F1F2
ğŸ‡¨ğŸ‡¬,Republic of the Congo,U+1F1E8  U+1F1EC
ğŸ‡¨ğŸ‡©,DR Congo,U+1F1E8  U+1F1E9
ğŸ‡¨ğŸ‡°,Cook Islands,U+1F1E8  U+1F1F0
ğŸ‡¨ğŸ‡·,Costa Rica,U+1F1E8  U+1F1F7
ğŸ‡¨ğŸ‡®,CÃ´te d'Ivoire (Ivory Coast),U+1F1E8  U+1F1EE
ğŸ‡­ğŸ‡·,Croatia,U+1F1ED  U+1F1F7
ğŸ‡¨ğŸ‡º,Cuba,U+1F1E8  U+1F1FA
ğŸ‡¨ğŸ‡¼,CuraÃ§ao,U+1F1E8  U+1F1FC
ğŸ‡¨ğŸ‡¾,Cyprus,U+1F1E8  U+1F1FE
ğŸ‡¨ğŸ‡¿,Czechia,U+1F1E8  U+1F1FF
ğŸ‡©ğŸ‡°,Denmark,U+1F1E9  U+1F1F0
ğŸ‡©ğŸ‡¯,Djibouti,U+1F1E9  U+1F1EF
ğŸ‡©ğŸ‡²,Dominica,U+1F1E9  U+1F1F2
ğŸ‡©ğŸ‡´,Dominican Republic,U+1F1E9  U+1F1F4
ğŸ‡ªğŸ‡¨,Ecuador,U+1F1EA  U+1F1E8
ğŸ‡ªğŸ‡¬,Egypt,U+1F1EA  U+1F1EC
ğŸ‡¸ğŸ‡»,El Salvador,U+1F1F8  U+1F1FB
ğŸ´ó §ó ¢ó ¥ó ®ó §ó ¿,England,U+1F3F4  U+E0067  U+E0062  U+E0065  U+E006E  U+E0067  U+E007F
ğŸ‡¬ğŸ‡¶,Equatorial Guinea,U+1F1EC  U+1F1F6
ğŸ‡ªğŸ‡·,Eritrea,U+1F1EA  U+1F1F7
ğŸ‡ªğŸ‡ª,Estonia,U+1F1EA  U+1F1EA
ğŸ‡¸ğŸ‡¿,Eswatini (Swaziland),U+1F1F8  U+1F1FF
ğŸ‡ªğŸ‡¹,Ethiopia,U+1F1EA  U+1F1F9
ğŸ‡«ğŸ‡°,Falkland Islands,U+1F1EB  U+1F1F0
ğŸ‡«ğŸ‡´,Faroe Islands,U+1F1EB  U+1F1F4
ğŸ‡«ğŸ‡¯,Fiji,U+1F1EB  U+1F1EF
ğŸ‡«ğŸ‡®,Finland,U+1F1EB  U+1F1EE
ğŸ‡«ğŸ‡·,France,U+1F1EB  U+1F1F7
ğŸ‡¬ğŸ‡«,French Guiana,U+1F1EC  U+1F1EB
ğŸ‡µğŸ‡«,French Polynesia,U+1F1F5  U+1F1EB
ğŸ‡¹ğŸ‡«,French Southern and Antarctic Lands,U+1F1F9  U+1F1EB
ğŸ‡¬ğŸ‡¦,Gabon,U+1F1EC  U+1F1E6
ğŸ‡¬ğŸ‡²,Gambia,U+1F1EC  U+1F1F2
ğŸ‡¬ğŸ‡ª,Georgia,U+1F1EC  U+1F1EA
ğŸ‡©ğŸ‡ª,Germany,U+1F1E9  U+1F1EA
ğŸ‡¬ğŸ‡­,Ghana,U+1F1EC  U+1F1ED
ğŸ‡¬ğŸ‡®,Gibraltar,U+1F1EC  U+1F1EE
ğŸ‡¬ğŸ‡·,Greece,U+1F1EC  U+1F1F7
ğŸ‡¬ğŸ‡±,Greenland,U+1F1EC  U+1F1F1
ğŸ‡¬ğŸ‡©,Grenada,U+1F1EC  U+1F1E9
ğŸ‡¬ğŸ‡µ,Guadeloupe,U+1F1EC  U+1F1F5
ğŸ‡¬ğŸ‡º,Guam,U+1F1EC  U+1F1FA
ğŸ‡¬ğŸ‡¹,Guatemala,U+1F1EC  U+1F1F9
ğŸ‡¬ğŸ‡¬,Guernsey,U+1F1EC  U+1F1EC
ğŸ‡¬ğŸ‡³,Guinea,U+1F1EC  U+1F1F3
ğŸ‡¬ğŸ‡¼,Guinea-Bissau,U+1F1EC  U+1F1FC
ğŸ‡¬ğŸ‡¾,Guyana,U+1F1EC  U+1F1FE
ğŸ‡­ğŸ‡¹,Haiti,U+1F1ED  U+1F1F9
ğŸ‡­ğŸ‡²,Heard Island and McDonald Islands,U+1F1ED  U+1F1F2
ğŸ‡­ğŸ‡³,Honduras,U+1F1ED  U+1F1F3
ğŸ‡­ğŸ‡°,Hong Kong,U+1F1ED  U+1F1F0
ğŸ‡­ğŸ‡º,Hungary,U+1F1ED  U+1F1FA
ğŸ‡®ğŸ‡¸,Iceland,U+1F1EE  U+1F1F8
ğŸ‡®ğŸ‡³,India,U+1F1EE  U+1F1F3
ğŸ‡®ğŸ‡©,Indonesia,U+1F1EE  U+1F1E9
ğŸ‡®ğŸ‡·,Iran,U+1F1EE  U+1F1F7
ğŸ‡®ğŸ‡¶,Iraq,U+1F1EE  U+1F1F6
ğŸ‡®ğŸ‡ª,Ireland,U+1F1EE  U+1F1EA
ğŸ‡®ğŸ‡²,Isle of Man,U+1F1EE  U+1F1F2
ğŸ‡®ğŸ‡±,Israel,U+1F1EE  U+1F1F1
ğŸ‡®ğŸ‡¹,Italy,U+1F1EE  U+1F1F9
ğŸ‡¯ğŸ‡²,Jamaica,U+1F1EF  U+1F1F2
ğŸ‡¯ğŸ‡µ,Japan,U+1F1EF  U+1F1F5
ğŸ‡¯ğŸ‡ª,Jersey,U+1F1EF  U+1F1EA
ğŸ‡¯ğŸ‡´,Jordan,U+1F1EF  U+1F1F4
ğŸ‡°ğŸ‡¿,Kazakhstan,U+1F1F0  U+1F1FF
ğŸ‡°ğŸ‡ª,Kenya,U+1F1F0  U+1F1EA
ğŸ‡°ğŸ‡®,Kiribati,U+1F1F0  U+1F1EE
ğŸ‡°ğŸ‡µ,North Korea,U+1F1F0  U+1F1F5
ğŸ‡°ğŸ‡·,South Korea,U+1F1F0  U+1F1F7
ğŸ‡½ğŸ‡°,Kosovo,U+1F1FD  U+1F1F0
ğŸ‡°ğŸ‡¼,Kuwait,U+1F1F0  U+1F1FC
ğŸ‡°ğŸ‡¬,Kyrgyzstan,U+1F1F0  U+1F1EC
ğŸ‡±ğŸ‡¦,Laos,U+1F1F1  U+1F1E6
ğŸ‡±ğŸ‡»,Latvia,U+1F1F1  U+1F1FB
ğŸ‡±ğŸ‡§,Lebanon,U+1F1F1  U+1F1E7
ğŸ‡±ğŸ‡¸,Lesotho,U+1F1F1  U+1F1F8
ğŸ‡±ğŸ‡·,Liberia,U+1F1F1  U+1F1F7
ğŸ‡±ğŸ‡¾,Libya,U+1F1F1  U+1F1FE
ğŸ‡±ğŸ‡®,Liechtenstein,U+1F1F1  U+1F1EE
ğŸ‡±ğŸ‡¹,Lithuania,U+1F1F1  U+1F1F9
ğŸ‡±ğŸ‡º,Luxembourg,U+1F1F1  U+1F1FA
ğŸ‡²ğŸ‡´,Macau,U+1F1F2  U+1F1F4
ğŸ‡²ğŸ‡¬,Madagascar,U+1F1F2  U+1F1EC
ğŸ‡²ğŸ‡¼,Malawi,U+1F1F2  U+1F1FC
ğŸ‡²ğŸ‡¾,Malaysia,U+1F1F2  U+1F1FE
ğŸ‡²ğŸ‡»,Maldives,U+1F1F2  U+1F1FB
ğŸ‡²ğŸ‡±,Mali,U+1F1F2  U+1F1F1
ğŸ‡²ğŸ‡¹,Malta,U+1F1F2  U+1F1F9
ğŸ‡²ğŸ‡­,Marshall Islands,U+1F1F2  U+1F1ED
ğŸ‡²ğŸ‡¶,Martinique,U+1F1F2  U+1F1F6
ğŸ‡²ğŸ‡·,Mauritania,U+1F1F2  U+1F1F7
ğŸ‡²ğŸ‡º,Mauritius,U+1F1F2  U+1F1FA
ğŸ‡¾ğŸ‡¹,Mayotte,U+1F1FE  U+1F1F9
ğŸ‡²ğŸ‡½,Mexico,U+1F1F2  U+1F1FD
ğŸ‡«ğŸ‡²,Micronesia,U+1F1EB  U+1F1F2
ğŸ‡²ğŸ‡©,Moldova,U+1F1F2  U+1F1E9
ğŸ‡²ğŸ‡¨,Monaco,U+1F1F2  U+1F1E8
ğŸ‡²ğŸ‡³,Mongolia,U+1F1F2  U+1F1F3
ğŸ‡²ğŸ‡ª,Montenegro,U+1F1F2  U+1F1EA
ğŸ‡²ğŸ‡¸,Montserrat,U+1F1F2  U+1F1F8
ğŸ‡²ğŸ‡¦,Morocco,U+1F1F2  U+1F1E6
ğŸ‡²ğŸ‡¿,Mozambique,U+1F1F2  U+1F1FF
ğŸ‡²ğŸ‡²,Myanmar,U+1F1F2  U+1F1F2
ğŸ‡³ğŸ‡¦,Namibia,U+1F1F3  U+1F1E6
ğŸ‡³ğŸ‡·,Nauru,U+1F1F3  U+1F1F7
ğŸ‡³ğŸ‡µ,Nepal,U+1F1F3  U+1F1F5
ğŸ‡³ğŸ‡±,Netherlands,U+1F1F3  U+1F1F1
ğŸ‡³ğŸ‡¨,New Caledonia,U+1F1F3  U+1F1E8
ğŸ‡³ğŸ‡¿,New Zealand,U+1F1F3  U+1F1FF
ğŸ‡³ğŸ‡®,Nicaragua,U+1F1F3  U+1F1EE
ğŸ‡³ğŸ‡ª,Niger,U+1F1F3  U+1F1EA
ğŸ‡³ğŸ‡¬,Nigeria,U+1F1F3  U+1F1EC
ğŸ‡³ğŸ‡º,Niue,U+1F1F3  U+1F1FA
ğŸ‡³ğŸ‡«,Norfolk Island,U+1F1F3  U+1F1EB
ğŸ‡²ğŸ‡°,North Macedonia,U+1F1F2  U+1F1F0
ğŸ‡²ğŸ‡µ,Northern Mariana Islands,U+1F1F2  U+1F1F5
ğŸ‡³ğŸ‡´,Norway,U+1F1F3  U+1F1F4
ğŸ‡´ğŸ‡²,Oman,U+1F1F4  U+1F1F2
ğŸ‡µğŸ‡°,Pakistan,U+1F1F5  U+1F1F0
ğŸ‡µğŸ‡¼,Palau,U+1F1F5  U+1F1FC
ğŸ‡µğŸ‡¸,Palestine,U+1F1F5  U+1F1F8
ğŸ‡µğŸ‡¦,Panama,U+1F1F5  U+1F1E6
ğŸ‡µğŸ‡¬,Papua New Guinea,U+1F1F5  U+1F1EC
ğŸ‡µğŸ‡¾,Paraguay,U+1F1F5  U+1F1FE
ğŸ‡µğŸ‡ª,Peru,U+1F1F5  U+1F1EA
ğŸ‡µğŸ‡­,Philippines,U+1F1F5  U+1F1ED
ğŸ‡µğŸ‡³,Pitcairn Islands,U+1F1F5  U+1F1F3
ğŸ‡µğŸ‡±,Poland,U+1F1F5  U+1F1F1
ğŸ‡µğŸ‡¹,Portugal,U+1F1F5  U+1F1F9
ğŸ‡µğŸ‡·,Puerto Rico,U+1F1F5  U+1F1F7
ğŸ‡¶ğŸ‡¦,Qatar,U+1F1F6  U+1F1E6
ğŸ‡·ğŸ‡ª,RÃ©union,U+1F1F7  U+1F1EA
ğŸ‡·ğŸ‡´,Romania,U+1F1F7  U+1F1F4
ğŸ‡·ğŸ‡º,Russia,U+1F1F7  U+1F1FA
ğŸ‡·ğŸ‡¼,Rwanda,U+1F1F7  U+1F1FC
ğŸ‡§ğŸ‡±,Saint BarthÃ©lemy,U+1F1E7  U+1F1F1
ğŸ‡¸ğŸ‡­,"Saint Helena, Ascension and Tristan da Cunha",U+1F1F8  U+1F1ED
ğŸ‡°ğŸ‡³,Saint Kitts and Nevis,U+1F1F0  U+1F1F3
ğŸ‡±ğŸ‡¨,Saint Lucia,U+1F1F1  U+1F1E8
ğŸ‡²ğŸ‡«,Saint Martin,U+1F1F2  U+1F1EB
ğŸ‡µğŸ‡²,Saint Pierre and Miquelon,U+1F1F5  U+1F1F2
ğŸ‡»ğŸ‡¨,Saint Vincent and the Grenadines,U+1F1FB  U+1F1E8
ğŸ‡¼ğŸ‡¸,Samoa,U+1F1FC  U+1F1F8
ğŸ‡¸ğŸ‡²,San Marino,U+1F1F8  U+1F1F2
ğŸ‡¸ğŸ‡¹,SÃ£o TomÃ© and PrÃ­ncipe,U+1F1F8  U+1F1F9
ğŸ‡¸ğŸ‡¦,Saudi Arabia,U+1F1F8  U+1F1E6
ğŸ´ó §ó ¢ó ³ó £ó ´ó ¿,Scotland,U+1F3F4  U+E0067  U+E0062  U+E0073  U+E0063  U+E0074  U+E007F
ğŸ‡¸ğŸ‡³,Senegal,U+1F1F8  U+1F1F3
ğŸ‡·ğŸ‡¸,Serbia,U+1F1F7  U+1F1F8
ğŸ‡¸ğŸ‡¨,Seychelles,U+1F1F8  U+1F1E8
ğŸ‡¸ğŸ‡±,Sierra Leone,U+1F1F8  U+1F1F1
ğŸ‡¸ğŸ‡¬,Singapore,U+1F1F8  U+1F1EC
ğŸ‡¸ğŸ‡½,Sint Maarten,U+1F1F8  U+1F1FD
ğŸ‡¸ğŸ‡°,Slovakia,U+1F1F8  U+1F1F0
ğŸ‡¸ğŸ‡®,Slovenia,U+1F1F8  U+1F1EE
ğŸ‡¸ğŸ‡§,Solomon Islands,U+1F1F8  U+1F1E7
ğŸ‡¸ğŸ‡´,Somalia,U+1F1F8  U+1F1F4
ğŸ‡¿ğŸ‡¦,South Africa,U+1F1FF  U+1F1E6
ğŸ‡¬ğŸ‡¸,South Georgia,U+1F1EC  U+1F1F8
ğŸ‡¸ğŸ‡¸,South Sudan,U+1F1F8  U+1F1F8
ğŸ‡ªğŸ‡¸,Spain,U+1F1EA  U+1F1F8
ğŸ‡±ğŸ‡°,Sri Lanka,U+1F1F1  U+1F1F0
ğŸ‡¸ğŸ‡©,Sudan,U+1F1F8  U+1F1E9
ğŸ‡¸ğŸ‡·,Suriname,U+1F1F8  U+1F1F7
ğŸ‡¸ğŸ‡¯,Svalbard and Jan Mayen,U+1F1F8  U+1F1EF
ğŸ‡¸ğŸ‡ª,Sweden,U+1F1F8  U+1F1EA
ğŸ‡¨ğŸ‡­,Switzerland,U+1F1E8  U+1F1ED
ğŸ‡¸ğŸ‡¾,Syria,U+1F1F8  U+1F1FE
ğŸ‡¹ğŸ‡¼,Taiwan,U+1F1F9  U+1F1FC
ğŸ‡¹ğŸ‡¯,Tajikistan,U+1F1F9  U+1F1EF
ğŸ‡¹ğŸ‡¿,Tanzania,U+1F1F9  U+1F1FF
ğŸ‡¹ğŸ‡­,Thailand,U+1F1F9  U+1F1ED
ğŸ‡¹ğŸ‡±,Timor-Leste,U+1F1F9  U+1F1F1
ğŸ‡¹ğŸ‡¬,Togo,U+1F1F9  U+1F1EC
ğŸ‡¹ğŸ‡°,Tokelau,U+1F1F9  U+1F1F0
ğŸ‡¹ğŸ‡´,Tonga,U+1F1F9  U+1F1F4
ğŸ‡¹ğŸ‡¹,Trinidad and Tobago,U+1F1F9  U+1F1F9
ğŸ‡¹ğŸ‡³,Tunisia,U+1F1F9  U+1F1F3
ğŸ‡¹ğŸ‡·,Turkey,U+1F1F9  U+1F1F7
ğŸ‡¹ğŸ‡²,Turkmenistan,U+1F1F9  U+1F1F2
ğŸ‡¹ğŸ‡¨,Turks and Caicos Islands,U+1F1F9  U+1F1E8
ğŸ‡¹ğŸ‡»,Tuvalu,U+1F1F9  U+1F1FB
ğŸ‡ºğŸ‡¬,Uganda,U+1F1FA  U+1F1EC
ğŸ‡ºğŸ‡¦,Ukraine,U+1F1FA  U+1F1E6
ğŸ‡¦ğŸ‡ª,United Arab Emirates,U+1F1E6  U+1F1EA
ğŸ‡¬ğŸ‡§,United Kingdom,U+1F1EC  U+1F1E7
ğŸ‡ºğŸ‡¸,United States,U+1F1FA  U+1F1F8
ğŸ‡ºğŸ‡²,United States Minor Outlying Islands,U+1F1FA  U+1F1F2
ğŸ‡ºğŸ‡¾,Uruguay,U+1F1FA  U+1F1FE
ğŸ‡ºğŸ‡¿,Uzbekistan,U+1F1FA  U+1F1FF
ğŸ‡»ğŸ‡º,Vanuatu,U+1F1FB  U+1F1FA
ğŸ‡»ğŸ‡¦,Vatican City (Holy See),U+1F1FB  U+1F1E6
ğŸ‡»ğŸ‡ª,Venezuela,U+1F1FB  U+1F1EA
ğŸ‡»ğŸ‡³,Vietnam,U+1F1FB  U+1F1F3
ğŸ‡»ğŸ‡¬,British Virgin Islands,U+1F1FB  U+1F1EC
ğŸ‡»ğŸ‡®,United States Virgin Islands,U+1F1FB  U+1F1EE
ğŸ´ó §ó ¢ó ·ó ¬ó ³ó ¿,Wales,U+1F3F4  U+E0067  U+E0062  U+E0077  U+E006C  U+E0073  U+E007F
ğŸ‡¼ğŸ‡«,Wallis and Futuna,U+1F1FC  U+1F1EB
ğŸ‡ªğŸ‡­,Western Sahara,U+1F1EA  U+1F1ED
ğŸ‡¾ğŸ‡ª,Yemen,U+1F1FE  U+1F1EA
ğŸ‡¿ğŸ‡²,Zambia,U+1F1FF  U+1F1F2
ğŸ‡¿ğŸ‡¼,Zimbabwe,U+1F1FF  U+1F1FC
